{"cameraMode":{"drawMode":0,"name":"Shaded","section":"Shading Mode"},"sceneLighting":true,"audioPlay":false,"sceneViewState":{"m_AlwaysRefresh":false,"showFog":true,"showSkybox":true,"showFlares":true,"showImageEffects":true,"showParticleSystems":true,"showVisualEffectGraphs":true,"m_FxEnabled":true},"in2DMode":false,"pivot":{"x":1.8275734186172486,"y":3.306429386138916,"z":-3.0131351947784426},"rotation":{"x":-0.12536579370498658,"y":0.25284111499786379,"z":-0.05638037621974945,"w":-0.9577054977416992},"size":10.317581176757813,"orthographic":true}